<?xml version="1.0" encoding="UTF-8"?>
<beans xmlns="http://www.springframework.org/schema/beans"
	xmlns:xsi="http://www.w3.org/2001/XMLSchema-instance" xmlns:p="http://www.springframework.org/schema/p"
	xmlns:context="http://www.springframework.org/schema/context"
	xmlns:jee="http://www.springframework.org/schema/jee" xmlns:tx="http://www.springframework.org/schema/tx"
	xmlns:aop="http://www.springframework.org/schema/aop"
	xsi:schemaLocation="
			http://www.springframework.org/schema/beans http://www.springframework.org/schema/beans/spring-beans.xsd
			http://www.springframework.org/schema/context http://www.springframework.org/schema/context/spring-context.xsd
			http://www.springframework.org/schema/jee http://www.springframework.org/schema/jee/spring-jee.xsd
			http://www.springframework.org/schema/aop http://www.springframework.org/schema/aop/spring-aop.xsd
			http://www.springframework.org/schema/tx http://www.springframework.org/schema/tx/spring-tx.xsd">

	<!-- 注入的顺序：jdbc.properties->dataSource->sessionFactory->dao->service->junit->action -->
	<!-- 除了Action，其他全部配置单例，默认 -->

	<!-- 加载数据库配置文件 -->
	<context:property-placeholder location="classpath:jdbc.properties" />

	<!-- 获取连接池 -->
	<bean id="dataSource" class="org.apache.commons.dbcp.BasicDataSource"
		destroy-method="close" p:driverClassName="${jdbc.driverClassName}"
		p:url="${jdbc.url}" p:username="${jdbc.username}" p:password="${jdbc.password}">
	</bean>

	<!-- Hibernate SessionFactory -->
	<!-- 1.连接池 2 映射文件 3其他hibernate的配置信息 -->
	<!-- 删掉p:mappingResources="petclinic.hbm.xml只能一个一个引入映射文件" -->
	<bean id="sessionFactory"
		class="org.springframework.orm.hibernate3.LocalSessionFactoryBean"
		p:dataSource-ref="dataSource">
		<!-- 2 映射文件 :A.添加classpath*前缀，B.必须使用通配符* -->
		<!-- private Resource[] mappingLocations; -->
		<property name="mappingLocations"
			value="classpath*:com/xmy/domain/*.hbm.xml" />
		<!-- 3其他hibernate的配置信息 -->
		<property name="hibernateProperties">
			<props>
				<!-- 左边的key是不能写错的，右边引入配置文件的key可以写错，但是要一致 -->
				<prop key="hibernate.dialect">${hibernate.dialect}</prop>
				<prop key="hibernate.show_sql">${hibernate.show_sql}</prop>
				<prop key="hibernate.hbm2ddl.auto">${hibernate.hbm2ddl.auto}</prop>
			</props>
		</property>
	</bean>

	<!-- 1.事务管理器 -->
	<bean id="transactionManager"
		class="org.springframework.orm.hibernate3.HibernateTransactionManager"
		p:sessionFactory-ref="sessionFactory" />

	<!-- 2.切入点 -->
	<aop:config>
		<aop:advisor
			pointcut="execution(* com.xmy.service.I*Service.*(..))"
			advice-ref="txAdvice" />
	</aop:config>

	<!-- 3.事务属性 -->
	<!-- transaction-manager="transactionManager"可以不用配置，默认值 -->
	<tx:advice id="txAdvice">
		<tx:attributes>
			<!-- 如果不需要事务service层方法名必须以：get和find开头 -->
			<tx:method name="get*" read-only="true" propagation="SUPPORTS" />
			<tx:method name="find*" read-only="true" propagation="SUPPORTS" />
			<tx:method name="*" />
		</tx:attributes>
	</tx:advice>

	<!-- 因为是spring版本2.x,最好创建一个文件夹manager,在manager添加很多配置文件 -->
	<import resource="classpath:manager/*Context.xml" />

</beans>
